ID,xmin,ymin,xmax,ymax
A1,69.20808032129929,64.01163413837767,69.36140265077067,64.65199589063279
A2,93.05930873530217,15.506758478509346,93.97960938149292,16.431984614807764
A3,28.292861039043363,6.466161623140718,28.942491684722718,6.885186753215676
A4,11.008505472474948,43.550375225887855,11.863819919952208,43.602691987064816
A5,81.58889439385068,57.01773069753551,82.14909460356377,57.29736289210581
A6,35.83591857695632,32.496544942507924,36.75950958063168,33.302359278306824
A7,2.281431760832525,87.10119568486327,2.590061427737767,88.08860740513511
A8,17.056626031887475,74.98941414923513,17.164523049614612,75.80055990843653
A9,67.74865571030922,61.06604853698866,67.77230875893311,61.693988344932414
A10,5.340445209907621,80.6097192115516,5.517913206687847,81.4632027970612
A11,7.112283971210113,18.157775764652428,7.390387483884088,18.621721570228868
A12,91.7154816817845,86.43149022477552,92.68091238917573,86.4365209301899
A13,42.97603511677596,61.26224871925286,43.07146016271957,61.96746130489515
A14,95.25168397216173,55.9566608522982,95.63816446071321,56.3743383562064
A15,75.84053060683696,12.575010950710352,76.15739088165454,13.13076207338839
A16,50.22721234962636,37.963236901020146,50.99134455610526,38.87316523324051
A17,83.06544283949245,9.982942805260636,83.72628819688256,10.809074880292048
A18,75.84526633785079,32.47866802125798,76.26358139453241,32.92053335003111
A19,36.55848217090393,47.05792476086596,37.41680314125126,47.75725528315212
A20,0.8554464262978334,80.56347309891439,1.7953506186990964,81.01015782797137
A21,86.0649471502275,92.39318255037568,86.63026808428644,93.3042812598442
A22,72.87773968950322,54.377118367455815,73.10317744890571,54.69428548291351
A23,50.97367107563238,19.35121757812229,51.80625622612199,20.104200757502866
A24,68.58789697639719,38.283683639389125,68.76379956839301,39.0141354089906
A25,3.905062691069672,34.21618297474172,3.94602942429938,34.735289083298696
A26,17.174733273618912,43.867730219510115,17.645557897967063,44.73385436662453
A27,67.36646822909435,87.9134188274421,67.3790773906266,88.89527745790048
A28,24.608261641707365,50.292492324442826,25.51808132970079,50.379997706156544
A29,55.72146745367408,72.2248122763968,56.19790180977636,73.00359776708719
A30,75.48259909736177,12.022109154109572,76.22063368178442,12.067632368954868
A31,67.58777202457874,63.14800155242226,67.95194668239034,63.96353061067213
A32,36.80547827730155,20.483120143839763,37.53628605750656,20.89153404617528
A33,96.85891876042339,69.58324621725507,97.48649594345879,69.80055477153404
A34,69.41870045527627,76.61175993342901,70.00644475781162,77.00845854665874
A35,50.86753892762261,7.368744763941432,51.3564463035232,7.992895313694425
A36,89.13825489878705,41.69192762696397,89.20971930882253,42.48748451990557
A37,68.80083260619261,10.054081521435874,69.29436745630751,10.688344966804632
A38,4.627257642207587,61.23638636043279,5.39501807816768,61.70848014694853
A39,94.97080325463247,17.844233291087356,95.1300784800542,18.197034209179925
A40,51.68782644884362,38.74640802998595,52.38713460459185,39.07947077885632
A41,92.61905939295312,46.57407617200818,92.95438668155023,46.767840647849106
A42,63.37074458367237,66.35871209362249,64.13990365882067,67.25868408321986
A43,3.3973453572945944,83.05405972763597,3.446894987188585,83.7091736995065
A44,21.952835589024374,56.685820773071406,22.69308374959077,56.98063942961499
A45,29.126871476964258,13.11743583355361,29.80489020618309,13.227247320493738
A46,91.04592548758315,1.4792947994246206,91.57480131376839,1.599225934339545
A47,79.7490607202151,34.07611691697214,79.81372686716279,34.3430136164107
A48,28.08065732152779,71.96354864728075,28.082442166888782,72.02195536130124
A49,39.38679264287078,25.95504669904976,40.012147362259235,26.50120757188339
A50,87.75980513846505,1.1050025113354625,87.80465377180302,1.320489599587161
A51,74.96074178939796,79.40722583684358,75.8675360725777,79.83483241316448
A52,89.56135296924755,24.97942935188822,89.86971234723924,25.084127290046887
A53,79.65946505399826,67.98434890136517,80.58723595371977,68.59410361846781
A54,24.199637209963573,26.03665745156017,24.63029010744494,26.72802605767251
A55,66.27610650015166,43.07157124184707,66.50328194917986,43.68211172535903
A56,19.049718965784894,35.70748211064765,19.145298858373806,36.194319688268756
A57,35.86107180798884,82.38892973982725,36.66017682427182,82.3949872376075
A58,8.353209695986298,71.95910680693909,9.25734058074155,72.64146351768304
A59,58.97355163529609,20.454376592132174,59.17504770305175,20.648985204791355
A60,77.5703751213807,59.77602054207125,78.44501816705967,60.26417377494936
A61,55.151970233602135,6.974471030083261,55.69345505888255,7.014460681782601
A62,10.573790618884589,63.21357343062817,10.614209647229067,63.26267697318223
A63,96.86274769459483,79.13517671844379,97.6703952544236,79.94790470957115
A64,9.301547282664849,67.19414082497798,9.702795019958756,67.93166408126189
A65,47.94976707499219,18.47990530580507,47.98550917386816,19.271030321690624
A66,77.27872438136428,81.83794261107066,77.98200292273843,81.8718817809645
A67,68.40943579515238,99.43787305339795,69.0667095975308,99.98798198711549
A68,43.26357496120382,15.087708416453806,43.79471121242336,16.04792128403797
A69,31.926383381545975,56.545413151039064,32.89131425444613,57.14719652417332
A70,75.83399809228526,76.32747332039153,76.38598092629398,76.98490829050063
A71,9.81304862523127,82.2093303830342,9.821970940204984,82.31212249154133
A72,85.52883443730137,45.20161202680168,85.59809030872758,45.370782006310016
A73,89.82890254150055,19.065827933332887,89.89035854099058,19.328029401526347
A74,20.962761776744262,98.92877056024716,21.58531862847888,99.5658069259752
A75,68.48819659254553,29.988895821000998,68.73016910967235,30.72132776413735
A76,88.88416766939561,83.49064638166875,89.03949171599928,83.6480701202998
A77,76.79142089113415,67.01905048269803,76.87289028847512,67.92663041968156
A78,15.064161093898553,67.43801703818414,16.001097929753705,68.08646239799444
A79,82.36050082948948,73.85948788878613,82.57136919138931,73.88568389607534
A80,66.42627187305759,45.15891884299073,66.86371962708677,45.45694968504977
A81,61.078834286497525,45.678856678884124,61.411571634950086,45.850281000931965
A82,17.97831666572453,92.90684180722403,18.884978277988385,93.30619468931562
A83,84.00054955273666,0.9925987773895335,84.58650706527138,1.129435865058264
A84,95.2808991120174,10.488546455513735,95.33242364448161,11.25308420530003
A85,92.406975170593,19.73448926958383,93.25125666460963,20.15872719190962
A86,17.014747821768758,29.78446387430401,17.39952240251702,30.269902897094354
A87,38.74256233446423,71.7523112061239,39.00306947477367,71.9844128891987
A88,20.17329757128545,56.30574732650153,20.233881585552883,56.53093441839532
A89,39.02814765631087,83.5515820084806,39.95877601248307,84.20434406128629
A90,40.879868920412804,45.198493164635344,41.502012467275065,45.7120182209669
A91,88.91840838462696,55.6670394944121,89.35390788679048,56.32708426590821
A92,2.4562360226108617,74.82232858489803,2.653103911939662,75.03465335919205
A93,30.89850219021046,96.71727162926886,31.649792201403777,96.8509300966511
A94,92.38268708795125,49.69999242315194,92.86208224646315,49.958567711942415
A95,56.41208022698448,44.557039314190185,56.45001709638304,45.00099292096409
A96,6.664946953032856,93.74344647882666,7.413425162382913,93.96141754025753
A97,76.18244363347947,92.7830776553271,77.04128539989567,93.10296651767372
A98,90.18131193688156,10.461467693495212,90.74604255280563,10.901984178226117
A99,74.56749320047466,4.525922193283033,74.62164312542393,5.372556531504093
A100,89.21264619662026,34.126063722431034,90.06621304443047,34.40424885142634
A101,66.19286871970105,3.2997216301151795,66.61792807252726,4.170066261342822
A102,61.02993768814954,6.344099269031944,61.24744387430681,7.050694012631302
A103,28.08858188677805,25.98883221936771,28.410788582197682,26.11526492634824
A104,20.937574749964078,64.39561018370107,21.660049061141397,65.13136993056263
A105,50.884647077231776,40.76530100791991,51.06038631616753,40.99973462686258
A106,85.42977445556814,78.5498688563288,85.68298468001181,79.48295521949242
A107,39.309962888199415,5.839049789069499,39.72449530196587,6.328058372118194
A108,89.29012503702909,10.09111243724077,89.70578417488456,10.527200269095616
A109,33.51414489437374,27.54409460957325,33.657352859076425,27.86373002022652
A110,90.71749289281284,85.29580201752088,91.36260738431181,85.82576617815941
A111,48.35738228537113,35.684895589170466,49.29707550053536,36.2478408497991
A112,23.565591422032607,20.13748052298784,23.98505181669379,20.37127830096637
A113,6.881530430354882,89.59690796637439,7.877454652038718,90.54556734170063
A114,1.8621035478922463,91.30309806263443,2.6818265227634406,91.77560608627401
A115,52.049554981749736,65.36238526417064,52.999880872803494,65.92621463871984
A116,49.64084184103198,15.089675153630086,49.92635072186628,15.157021299695545
A117,17.57163416140279,44.92054439711268,17.7040157259098,44.92365444831309
A118,81.151753174171,87.91466541328298,81.62799392869599,88.05183292588012
A119,22.63602348897826,94.12597325148492,23.571162595044886,94.80818363583259
A120,3.815886502423004,6.270582134036293,4.038033843441472,6.330777326224541
A121,68.21436559447955,63.66944900581988,68.94923553507311,64.59089433705113
A122,36.77733422364557,98.57355649359752,36.89298737620755,99.27259182747629
A123,74.37128640817032,80.09001396560133,74.95672064590461,80.82692501059607
A124,13.362477187800206,53.29164634260969,14.356211314329164,53.6134107757957
A125,33.55960426524698,55.97518949702231,34.3154161333013,56.40422654990774
A126,28.98189144662266,82.9486999559912,29.916773813760543,83.61340011296785
A127,76.3959070373188,36.05739813466567,76.85723758859014,36.37608791851092
A128,11.513543051061186,6.814859189349549,11.961092385114735,7.784574736264557
A129,45.83301052987733,22.822701319382766,46.52574546130413,23.20969933794862
A130,5.8984750070675815,65.13805799195026,6.39215589875632,65.85614898426797
A131,49.434848068676395,31.53952838219677,49.95371089730379,31.89522715665752
A132,79.831095344438,54.943080616610146,80.60493810048864,55.21657498207402
A133,14.106895292100951,44.86499220976882,14.422357372836832,45.779454064220786
A134,14.959018865379077,57.32330143928381,15.746645430274837,57.608883347596
A135,3.701246180164741,93.08390335665979,3.7631133155297904,93.33095159353783
A136,49.769621882726064,55.378838123292056,50.703550817442434,56.18060691169531
A137,12.051966080725498,77.15779750991797,12.95951886765666,78.03267144403205
A138,69.79797217511417,64.12887590542856,70.58978208578802,64.61294362670203
A139,9.69169419909242,59.88735041702757,9.735492356819794,60.579602605052486
A140,63.00198944566155,81.17027814513216,63.86272562705041,81.62515391411225
A141,94.08307340384006,78.04551475021847,94.64272734595185,78.924845477632
A142,81.06151243351272,81.38678377407713,81.74083130270247,81.48523071428653
A143,48.094293835327576,16.671794886141594,48.60763178132738,16.930398512776808
A144,13.030288518410229,29.74856372513636,13.5929082232988,30.301762415524752
A145,91.88480227164172,80.64182040949828,92.79160085819476,81.14028485356559
A146,79.20656917516962,56.46101028421882,79.44882842118676,57.30355498854131
A147,76.62403233244822,18.51386152052671,77.04559197457746,18.57914516714592
A148,91.41246927335922,12.270817227423546,92.15134216843506,13.013991577215707
A149,19.999174513097227,13.243691933279061,20.366540446657673,13.71107735086471
A150,12.937546055447688,77.05199895547513,13.894335350700722,77.51526422285296
A151,97.62985064125222,73.72935883016481,98.01404390605705,74.40488099062723
A152,73.02691370933708,31.000580970535935,73.75083150698568,31.54076992290825
A153,35.38028570040576,88.57669358040182,36.117091989982214,88.94423219909879
A154,94.49393717602078,5.853175812113645,94.77303192177918,6.659011061283603
A155,70.46799457613517,28.589443203562674,70.54297418612275,29.43956363137227
A156,54.2385761597844,62.35784680554793,54.9642968861424,63.069121462144885
A157,89.96228831052296,8.469236639860457,90.95832355451198,8.724324067224769
A158,86.29120991883009,93.72645755584806,86.48669690107556,94.65463817084587
A159,82.700374506655,92.62592502872616,83.69856472147103,92.69729739751072
A160,49.356001031269756,53.644342708832276,49.94806687760286,54.116228871402804
A161,29.018745492243813,41.15588213391445,29.70609524177091,42.131539798218206
A162,59.407850079281474,15.064161018276945,59.40826853061345,15.505025621226746
A163,32.28096500656705,95.03612969262107,33.01258485640055,95.54535088048041
A164,48.388487637907595,83.98393121363772,49.035426922867906,84.4467294285371
A165,66.90939224599187,41.99176411775408,67.44341530269911,42.38520531477662
A166,40.659908198133834,79.34459645723096,40.72760557998633,79.81368690999759
A167,81.74694271301637,8.824033020819922,82.59017981205456,8.95499596241595
A168,6.086585040193751,59.96885745125648,6.350195469152612,60.219227199522614
A169,10.569897744799897,27.321054786095782,11.19666210082103,27.72568686282571
A170,55.656299334801645,86.27565305881247,56.21726032407435,86.39937763650389
A171,97.00223999843223,92.26931172064477,97.07700366851768,92.53105007939995
A172,91.14030047028925,32.05579440577113,92.09801211976102,32.57748694564054
A173,29.008848852468468,37.75287236498845,29.244399790090842,37.8296461436721
A174,68.53528842040862,12.304656205535101,68.5575871369893,13.224133187819053
A175,77.48076104655986,83.56621525068611,78.06877138181656,83.97310076955192
A176,77.82868408495622,31.732310974013174,78.34635959318167,32.133429771375646
A177,65.41223463339576,77.18343980603505,66.28370795027591,77.85066689927807
A178,21.444107210151863,70.09117703914147,21.471214937320347,70.62669802117175
A179,74.3253563745544,63.454822114281725,74.45316015746951,63.83016444018247
A180,81.43466463920151,33.73116587680453,81.92729450377509,34.445552256136615
A181,95.68171558960103,47.92850930466043,96.62450672590137,48.45503033761769
A182,76.10888090907869,54.58419330625021,76.59071212315027,55.019625717722754
A183,98.66236136065965,16.623720705683883,99.23819113827786,16.9774835256462
A184,19.406898165455345,1.5119209373474594,19.797459147829763,2.4210219862293343
A185,48.98648326076527,51.4933122605684,49.234323991910216,52.42335573800065
A186,74.33557668383021,14.81315084346357,74.38218467174575,15.516490651387919
A187,92.11700788451034,48.188513278116446,92.23524509314832,48.79042491956117
A188,93.10142060120776,28.240910833995596,93.98055662736196,28.303450668818776
A189,97.72382618658105,33.49108601525333,98.2285106217675,34.2837436401573
A190,91.13790654579896,69.86209842328422,91.68833302304054,70.85915180826207
A191,75.5211560743986,83.15506120916984,76.38142851035433,83.97711626008872
A192,20.281969023952616,95.42138197533721,21.006439106142373,95.89460621914644
A193,7.467111108914005,26.963155459286344,8.033695468043415,27.884990414425804
A194,4.923746035523121,30.55158649450297,5.880750045943145,30.6271079050281
A195,13.685313475727996,71.91924537138149,14.669443526375677,72.28868808046684
A196,78.35727351214264,22.175733913037973,78.65375007667451,22.267049659607117
A197,91.82231598600677,39.73133161256384,91.83994110384005,39.87958750380282
A198,16.80868251403348,34.74153857084926,17.67224879553716,35.274505055174046
A199,48.066946817860966,79.0874651391264,48.72262588974333,79.98843462029765
A200,48.77267947429105,75.4947079765032,49.59919020363965,75.7266065260745
A201,90.79789481470122,22.87477465793845,91.53603678592309,23.016588307566266
A202,45.30689137324722,90.33375355332699,45.988974701113904,90.3645812794856
A203,4.86715990512118,75.88704530078843,5.124910272231253,76.10775004062116
A204,65.14717878547513,64.656376968251,65.15042160749026,65.25613766776117
A205,25.77092682211579,16.816849535552304,26.176997833687228,17.008276068803497
A206,19.128498036017977,23.870738283048098,19.949576485417058,24.821831904734022
A207,82.1031256253723,62.538200781197176,82.33498148796731,62.676838568273595
A208,93.92268707464446,54.34257497465544,93.93473696007477,54.72013861039933
A209,83.40483100602556,41.442680510510925,84.26813870174693,42.30412403636788
A210,33.94504249401056,75.95541103863066,34.45910417130238,76.00933480283993
A211,29.347762993459646,77.20068477687445,29.383111436096137,77.4953901861665
A212,80.0899977548425,36.349635118876236,80.24797248016263,36.70026198470502
A213,31.32728182222969,72.6615756099585,32.013530289259364,73.60321333186424
A214,40.42364427392317,66.65504825263292,41.2540305391928,66.72305984681647
A215,26.882570144551067,27.984550215152606,27.411166173067016,28.55396905319135
A216,87.48864817535619,59.01527846762438,87.53657014997569,59.8747479645622
A217,64.98510564918492,79.5193022538612,65.40076130319635,80.12914588108346
A218,7.468874393934711,35.43473108728762,8.384132875673277,35.5209476688965
A219,49.90574982987475,30.87641976380047,49.91285603983806,31.75773783846124
A220,40.38781514378783,44.09398545755805,40.69227982261093,44.30283811711658
A221,94.87067048860823,83.98432188301302,95.54519053633288,84.08323557555498
A222,2.0325427597313124,63.68628312042692,2.2547917051968818,64.45896846270301
A223,52.30905553932775,63.52097677801874,53.16745055383384,64.28676714736264
A224,22.986234076051527,94.01205772615752,23.651835597097445,94.1162075112035
A225,53.129500904849024,2.120998708446728,53.41386960493893,2.8326087352904827
A226,34.67992253369027,60.86568394807972,35.62444796337993,61.298607893284306
A227,87.26092266907553,73.04530010703473,87.86466999510277,73.83438681507509
A228,59.38460633346151,60.32451985640075,60.223913102859406,61.29671689466241
A229,45.84095394082981,70.59962258267772,46.706066878540675,71.20669522630344
A230,24.66585300278391,36.94436565074919,25.577709821463152,37.586754476956436
A231,8.22387116932566,66.18721257837836,8.369914779883665,66.912509699394
A232,66.02868779798465,71.3739973559859,67.00853689632912,71.81191514952475
A233,4.550649075871741,26.752336372444073,4.55497033121766,27.670362277993362
A234,85.76757991660767,72.11040985279709,85.92429109922789,73.05239345134515
A235,13.834170155478553,84.13894229659977,14.741684267764592,84.98040256530369
A236,95.511953463545,35.643822256329784,95.99702399065396,35.85886131542209
A237,78.32344117601141,72.55624923475197,79.09520439777349,72.80065489830059
A238,39.66131292086043,76.57751094487197,40.57197222848396,77.34147419785077
A239,63.245196039594255,91.09562104146232,64.16081014697855,91.2561857479223
A240,27.069331681717014,7.4821180381347805,27.23230409278126,7.959163792232695
A241,44.60347137324775,81.2005244355022,45.29681776000171,82.1904917001117
A242,35.970227401432716,85.8295345442489,36.25461392048582,86.54325699656856
A243,61.63113565067212,97.11666726663323,61.740075333653195,97.78545585831714
A244,78.14018023499098,1.503624812729955,78.84473756711238,1.767232803709157
A245,42.18390593639511,81.65753337050126,42.826772962357765,81.68451587602605
A246,76.22645418775224,35.014045933922944,76.83158422463819,35.80919025230373
A247,83.1468995830735,32.93908266752804,83.15704521351114,33.255947095291404
A248,9.110758272603734,99.25642797508179,9.150265871173882,99.2959076591985
A249,10.837753384020656,10.398005829308202,11.622806908918376,10.59938073784387
A250,24.71077876191858,33.135034493580974,25.52593132110252,33.18755043871351
A251,68.95229681724112,42.5190664604661,69.87701883418815,42.6312610006327
A252,58.38960773595924,67.3676526510741,58.9101089378025,67.97535209343376
A253,91.86435683080437,6.650801491687498,92.32640299358444,7.446179338212094
A254,49.3462030107881,78.1299859844263,49.9086808837068,78.48221713451196
A255,58.82240595816562,96.99802757719615,59.05705350620692,97.03102318626033
A256,85.69577902818358,2.055196138185016,86.49006743267334,2.4689296170206867
A257,56.04739905333628,25.642230904936394,56.80043025050432,26.51830869426688
A258,39.311525086372875,33.553168848696274,39.485588562798036,34.154319264191976
A259,59.29485353364244,16.042087062479652,60.029377640792866,16.39169002871601
A260,41.060735874670044,68.10962137514164,41.410115994297044,68.15464661695819
A261,71.90177832908992,47.795061871888436,72.16549131527087,48.652346158923905
A262,7.373105940546372,55.13260774482796,7.82426557983283,55.810505043101394
A263,1.1279578046055827,85.31443110238604,1.3966693335996432,85.53836962924096
A264,16.060031158341683,71.90398887838508,16.403458181742334,72.23892115666726
A265,91.13270626731409,66.3427683693602,91.50259267203283,67.3041074038378
A266,87.50099496778576,37.96925355422292,88.30915364320627,38.31665645682355
A267,17.113972326073455,26.68667151024912,17.168696671631178,27.52478462924748
A268,30.59193858764708,34.96736345849376,31.29531013868855,35.232526744342216
A269,36.07231741461314,45.1999984279644,36.183026278180385,46.075990846347246
A270,52.11251542736458,8.173702687774593,52.21999556047441,8.61913526729584
A271,30.472286081199428,3.4617656034846425,31.391132534042328,3.6684247524587854
A272,71.25460471948696,20.13688693653264,71.31608515186808,20.634938367658993
A273,62.98209726888891,13.547073657622791,63.92734614051045,14.208165543860865
A274,85.93648716742919,56.96881871557834,86.40452855713319,57.77879171591208
A275,29.508585685787875,2.932213456172173,29.89639189697065,3.1337954275533386
A276,45.98256686209406,8.13197889122896,46.35981029470523,8.292300461384377
A277,19.39991640953555,18.881320867865114,19.6549125387114,19.409174005204235
A278,52.2020181750771,48.12638248641077,52.9684273376633,48.27739608142732
A279,13.249214828733237,66.95487700985178,13.908104407971303,66.9623519107406
A280,96.14269405243387,34.20909429855901,96.27607087630685,34.23953413916444
A281,95.6769890127362,92.58926779309934,96.28634864151991,93.19661854784145
A282,1.1535086239352912,51.41779177253008,1.1562265576439554,51.57512055642611
A283,7.629136507408002,70.3781892345686,8.414199284074227,71.14406397535619
A284,80.8764733695749,17.653172436833973,81.02739684189821,18.305477284556005
A285,68.42639625615811,6.696567354312494,68.43194682536998,7.301442428923859
A286,46.240270803082105,72.91509707199343,47.01969958582646,73.18086482760145
A287,60.78552471012877,7.802971163014292,61.328520659762695,8.03107321677286
A288,82.94015039207743,72.37403412776284,83.16839590266817,72.66750930024504
A289,25.066230280787362,14.743045611381566,25.706951658769864,15.681995331452795
A290,99.14551490366173,10.97390874515446,99.41840677469673,11.347255474314304
A291,68.63893780203301,79.4371792695437,68.92462976429991,79.90229757800418
A292,88.12155141386876,48.698417968871674,88.58888549549287,49.54196178437631
A293,13.522379009307679,6.586321740861941,13.920395731100301,7.396073966488804
A294,8.973482613300853,93.27800475502995,9.007877992822836,93.43683866046605
A295,70.7273599231359,56.0047279485022,71.19177574919577,56.66508839074864
A296,31.046893732081774,80.67264022013596,31.864681179423446,81.39246812015493
A297,59.30612629833152,78.66672301480882,59.589894338580265,78.7549278308763
A298,41.37893040755414,95.19423634944135,41.58294394691603,95.55075957651734
A299,77.63914511903423,18.09836070777849,78.32082214805074,18.825483945010316
A300,31.174793329977103,62.80931723887978,31.336404877323922,63.58418602652459
A301,72.49555562343899,62.32344066324068,73.32377467696263,62.845305464598276
A302,16.463046710703132,2.0439105275553326,17.07857823225948,3.004010257537188
A303,15.471706573210628,77.88182240925413,16.08033066399786,78.54315793021681
A304,23.668410572237935,83.71488346381712,24.218461128794083,84.05926047376403
A305,17.917754173695705,93.90404310879174,18.208498840260965,94.81838693263255
A306,48.43870665186061,62.02452530807459,49.06543940190684,62.432800647088776
A307,7.274160950273339,58.79527358215672,7.530367071070211,59.76692978323908
A308,30.92325508936906,79.41255565798467,31.89717180085524,80.16874258572973
A309,72.15442691043086,83.48635080456685,72.77824330198115,83.69340817779742
A310,19.095114120992033,24.30662632013215,19.93222178008291,24.45711451797589
A311,25.242031584231345,31.36466399979065,25.506520819972202,31.554328601476726
A312,16.67745247338145,17.60202421308604,16.963256739964326,17.76121580818701
A313,68.60566893009923,41.559029160598534,69.20143402838613,42.388798633727816
A314,24.26789116118059,65.57118039681194,25.211506100765554,66.21123097826087
A315,46.173053037405715,6.33928015670214,46.17487683659455,6.9967251740811855
A316,31.686713279257898,97.44197678374125,32.6310424632087,97.72234738510788
A317,14.099934427635368,25.248555474033417,14.425701934169972,25.479484744825314
A318,50.88557663641135,22.515267900131843,51.63791273639507,22.613945203106272
A319,43.21693290220062,36.75639363671941,43.55362654376812,36.95102487519787
A320,51.47195429388455,79.28189532269235,51.716215691928106,79.96082453910297
A321,72.93001354860237,77.23754184560615,73.16629854110792,77.44116285515823
A322,10.289797936457676,43.60096407301629,11.200714585757646,43.73630509948818
A323,38.038321209055695,10.98210012341987,38.4513782740634,11.031658809663138
A324,7.170097300047545,16.95885793851592,8.084440036136977,17.028803375113153
A325,81.15169484190181,54.64177692087875,81.42794484919143,55.489805432742024
A326,88.98554932047954,72.97942227304706,89.53725561456163,73.8972843431269
A327,26.502932472314072,15.531155086383269,26.512729411592517,15.766651496271724
A328,9.361877481806435,7.980178072983455,10.219575201804073,8.076485585139059
A329,88.6274189618725,41.13285746557115,88.65715542022478,41.35631897176923
A330,30.912879673905678,30.54330990150049,31.78916040126188,31.267596912921906
A331,73.26959358840604,63.95430905435608,74.15174040385524,64.28144631888034
A332,2.7349636354980116,63.305360821569565,3.2342656509908894,63.47859869009887
A333,65.37812938923612,42.44730181612893,66.36491889837937,42.86634630498137
A334,94.49953371265877,79.16604981012108,94.85093895532894,80.06005101937028
A335,26.154051883928453,74.67609427885058,26.4534224797539,75.26778824114038
A336,85.11838449716933,94.19875939980098,85.51094662849349,94.85019736370577
A337,23.438675131449333,23.6378026304036,23.759605584141944,23.842518038146764
A338,64.99864642032367,87.6947046260047,65.0816043577267,88.66213228391774
A339,97.25101710144745,18.98808240866929,98.18618280471826,19.48963458045783
A340,26.66068669433726,4.132213013552743,27.472624568617903,4.615786188750448
A341,76.17373423924822,84.125702199356,76.45449702379703,84.87813798364589
A342,20.80410820357697,78.66027377215435,21.550305905497503,79.31990660210923
A343,32.00086166969912,9.376519120625064,32.10763048773138,9.631674205924849
A344,35.1351774575485,31.869718325982447,35.82688781619482,32.15852276684957
A345,2.866570766044371,86.22605827917997,3.631649573709653,86.27035681757602
A346,13.39232545917602,90.7649936526443,14.035967548137174,91.68879935877058
A347,19.556805307774823,83.44915269982978,19.707382353236405,83.87901550798689
A348,35.34766395396397,38.29944205766813,35.98551321255655,39.01204583244127
A349,0.3962660404601977,39.05059866591583,0.6658699763837954,39.30503453419953
A350,16.939256235168045,90.13158573560901,17.57581725721695,90.92990681775001
A351,31.31382159633069,43.699648213660716,32.06658728733505,44.312272132736155
A352,16.505732031488904,90.7463920127341,17.231874482460125,91.57756609846616
A353,7.145602733241982,63.13372192677917,7.4654965197359955,63.64475491187231
A354,42.455260438517094,12.107628998352034,42.970719962616165,12.35615192442717
A355,82.96962237617947,6.959524730557837,83.06953933302233,7.685372956180533
A356,64.62622676585268,58.68406851314274,64.64097804482053,58.91769444630631
A357,95.13593564255218,12.950309891343073,95.14640872370722,13.845470962499292
A358,20.938802451867737,86.91098346888546,21.36863953983097,87.58603895990282
A359,49.91235658511055,90.40332756650056,50.40900964607021,91.30401748321174
A360,76.44396746801381,2.9633118188750984,77.2026112605676,3.343366031250298
A361,80.06103436030698,91.1441086404451,80.87800476078988,91.69985140611621
A362,56.53612935504174,12.208574019001848,57.49536997518582,12.812002334059637
A363,25.9621784642045,48.52720912313353,26.664040640677708,48.58536880210961
A364,57.68957130576221,81.98004692205402,58.033844135602074,82.7130905595622
A365,93.56426719175914,46.761671263766864,94.4121612654364,46.90249440780951
A366,72.02803405459322,35.85552509698336,72.67905313799817,36.08249342030829
A367,55.380442312282554,22.14879712976409,55.97653016823411,22.383599960058056
A368,48.386100393023504,3.2111604846742776,48.73412101366015,3.491045822279662
A369,57.98428069348784,21.416566666667702,58.36141025483558,22.071859848223692
A370,39.00538036644854,25.390878728448488,39.93388559086703,25.704773572117116
A371,91.53528313249586,35.19119753903879,92.3395146749754,35.808710938767724
A372,82.35100364606973,39.85409335480567,82.71892302182964,39.85751654406401
A373,21.51374819228279,87.55836921318016,21.99030900206175,88.5390632577778
A374,51.96495801969849,6.9228544593165084,52.71944411432324,7.772479536917476
A375,71.93155180047196,42.136643563672635,72.1178722731848,42.29986531645322
A376,15.599225060189422,52.60503371893273,16.005116535116706,52.70169567094337
A377,63.800032429756044,85.55695091555002,64.06907050059174,86.40393062637871
A378,3.9683130147053003,50.752897222635376,4.155270060237947,51.21172457182485
A379,69.8872882696847,17.77524401977104,70.0983255695058,18.653366990110843
A380,29.56755015979075,68.34582665553745,30.240443612542872,69.02422170125993
A381,77.98833118178878,78.42125298895657,78.94276644949338,79.00888660018839
A382,41.21581943159578,97.36095789423904,41.394118566918046,97.45071254426912
A383,82.18801783894946,7.427404695635187,82.43101522215503,8.269830078686063
A384,74.35037909098543,75.83114741762363,74.39947095626324,76.80284953836009
A385,97.88546059506498,63.09522080692818,98.29178099008361,63.48499370868477
A386,22.71637805937774,50.34127352906208,23.587152417471373,51.04781769288012
A387,86.45667318470889,94.54768670238906,86.85972879355609,95.50282730540378
A388,29.540447717238894,43.44617534264833,29.927225314221715,43.664238969531624
A389,48.73533794715074,87.89556585024405,48.95519002179859,87.98743031445876
A390,87.20588794539125,60.52896384529604,87.22126299133659,61.21464056979105
A391,25.592643733670297,90.04863525928863,26.580115737469338,90.58627128570753
A392,37.22929799387366,54.3709801523221,38.08859633195947,54.97848713490504
A393,31.720998097906207,11.9494709675095,31.784845939072113,12.525052209404524
A394,23.149591655938313,85.89910989133779,23.57577967725424,86.39251248955978
A395,92.32921819943215,28.21189408175685,93.06370341481107,29.098093680146818
A396,8.49072707389349,16.032438146614634,8.976261000493883,16.579291179293214
A397,38.79495154985872,97.79922496048802,38.85348682459798,98.62189871267948
A398,51.33555800539671,62.85912238392684,51.894636231170544,63.35119993822735
A399,47.09200378384186,19.247146854581715,47.28375596965319,19.630628250375135
A400,61.4554266213168,89.64217209147226,61.946876298534896,90.58751840804354
A401,16.310502557695603,18.863833225322285,16.713655440575494,19.73258182704094
A402,86.24315275175213,47.959216462364,86.71156877315804,48.31076729729473
A403,85.9970013298521,69.54241073916191,86.15653190490137,70.45919942397991
A404,17.750876334226575,48.0542935042471,18.20191028345506,48.92090319756355
A405,85.53477215963402,77.61499595775439,85.92537930955373,77.77456478829536
A406,76.6155339902787,51.18993475358159,76.7278129970004,52.115844948619056
A407,69.5077642043059,65.80561806395016,69.73119974038622,66.6713332216305
A408,16.87471188948032,87.25643830760866,17.323192094859994,87.75950572618521
A409,92.5666814645947,65.48232539809092,93.2733349945592,66.11010752977229
A410,11.02886231108705,96.68348425451133,11.18513595475612,97.2156744872561
A411,62.79006984214396,95.01362184310291,62.83865630089279,95.19504908822832
A412,36.01046279735687,29.277188784163513,36.77488487389499,29.439518606260044
A413,74.26792464272602,22.91819579397861,74.62183821558506,23.366272852947397
A414,17.16281336285312,65.15364967683841,17.327234530158744,65.80216403519647
A415,6.413356839510932,4.199145590024388,6.53443865205941,4.228422289443904
A416,69.94860286776115,72.05424431711961,70.41482418497299,72.22134035995883
A417,81.36952971793094,77.65625972024425,82.25387568605146,77.85309703323901
A418,16.268480568814315,25.82873011672726,16.28654937595706,26.150445211217978
A419,51.452405928577,9.761658724010047,52.14326436571928,10.13607719768735
A420,51.09124076951046,66.54542863713691,51.16234710707456,66.85372604580645
A421,84.17845887629288,15.372141699083667,84.88851354489577,16.30324595797567
A422,31.615530636120255,38.79688419934963,32.08186154941343,39.248673727946645
A423,89.64335978519607,59.17639776606355,90.24584556397132,60.11963370535771
A424,65.08721959861779,7.497288428926025,65.2735818728092,8.035168092866806
A425,4.219935449664986,38.091198675916516,4.2567970681577645,38.11210600839255
A426,60.61571137268891,13.683077441081515,61.325053604180184,13.866653100001182
A427,94.92805362627443,25.395871535536266,95.26358033624109,25.557924963137747
A428,27.413005620091987,8.787050273616504,28.111733353488493,9.564377631731723
A429,41.59123113370182,23.45018889588159,42.45415752414211,23.860341733010834
A430,18.313236092241084,53.929351729716,18.42382389350101,54.372025399121355
A431,50.872037280552696,57.109945780499935,51.12566203508367,57.95041795205721
A432,28.148583201354082,54.18962508264595,28.479349426732004,54.2923925789162
A433,68.01898855476776,1.4902218513341006,68.1656456190841,2.4062928514564454
A434,49.26781951891243,69.34426625467991,50.20406494070462,69.66232804511321
A435,50.330979283594154,12.062726151494578,51.30572159248478,12.110881124823589
A436,60.72725184040603,71.26795022452862,61.56909558069062,72.03777030230286
A437,53.23157813407751,28.23110926584251,53.33949121485562,28.801788746637843
A438,20.432891923614655,81.78620259648532,21.384892074002597,82.71027545874587
A439,87.86729499274703,44.40249449198167,88.15455290753754,45.01508991571484
A440,4.9795548845253625,99.08399597721849,5.27702503680873,99.49745642893328
A441,5.811655695517988,31.446594702701454,6.501885541578358,32.00565588227596
A442,17.87749961966038,84.51776412935924,18.215507433509664,85.33268951166795
A443,57.93164195869558,16.1439618659694,58.41554440181103,16.31652041370266
A444,9.122917429067025,45.814831091726596,10.080620459273398,46.485215479923525
A445,77.06155386587959,62.30692505577567,77.66929888761042,63.21825133882092
A446,21.941775309286633,33.8777733455552,22.621397506745538,34.77886320130356
A447,84.81320565008133,2.293072459224995,85.28767508243655,2.6392623144516447
A448,96.54177293034552,86.42454863277524,97.33876314956589,86.56598940503582
A449,24.026579257468715,26.223256181889976,24.069263143625868,26.6829925567299
A450,89.17844790530023,69.24856655426677,89.18191760090365,70.04143914047583
A451,59.08987073007508,49.92917330209548,59.1642343202104,50.514714023878
A452,38.42306869331515,88.15233335994797,38.607435244619985,89.00320745263922
A453,61.66919730601393,27.118777473984622,61.77757294419017,27.355165303006228
A454,24.79101412746962,75.33919524533043,25.33120948040362,75.76785157204931
A455,47.003383720420295,69.24915664964108,47.09463065929068,69.88832946930985
A456,74.43258803711366,75.01104134154023,74.45570754807804,75.18884325577237
A457,97.1620177756265,29.878957871867147,97.28956472951008,30.09214598210338
A458,36.003587248823386,66.03829213043895,36.391449028882796,66.12880839502016
A459,35.97630741265282,56.77869565169714,36.928742810188034,57.23360756262202
A460,3.1895173402001173,99.54840573017096,3.890909532015342,99.71829597594977
A461,40.41473605225248,26.163868501853546,41.330892111021086,26.21704703620786
A462,44.73014655743919,49.38477924068941,44.771259483659826,50.18268755894747
A463,43.20162639651068,71.14033569553108,44.187415218539435,72.00268860561374
A464,45.57040480420745,62.52294403180856,46.38088434479912,62.87897645598421
A465,62.728985359645286,88.56778281475803,63.638362477427506,89.52256735972212
A466,80.77258981671113,60.99457292242496,81.07917676647884,61.56704961904362
A467,5.985268717054386,47.33040813171112,6.098771994308508,47.56737152346194
A468,55.070832307797176,82.3604386842517,55.377631477569885,82.48426969537819
A469,88.71501174587331,76.75522166376133,89.43115484148251,77.68331266371841
A470,47.669593604818516,94.41609705544225,48.440609196427694,95.36698263241747
A471,59.67967205901331,15.735498610469062,60.12284645015753,16.113950668226657
A472,7.842050687455213,89.62391625819298,8.146352584348572,89.69324382366372
A473,3.1572086133728323,29.481705360891272,4.1162601578434845,29.600093952811623
A474,97.38889205518717,52.32752770181186,98.33583255690381,52.64896948875897
A475,63.01910510890996,36.51642997687365,63.24611680592366,37.045960983346326
A476,73.08263070069256,36.02696644132056,73.94354700252572,36.58359064542154
A477,60.0135594003313,71.34800075387642,60.76469011221829,71.7302398673628
A478,74.09752257120564,85.80589827931645,74.6907377741701,86.47892247750117
A479,99.0711427955308,40.47963314999043,99.78764200284206,40.99876797494725
A480,72.5124745546822,45.81928471999983,72.63230760841034,46.358626657657
A481,1.5640147981828483,32.8743903010535,1.584630237852898,33.64735654927504
A482,21.25694289858713,27.667651991638028,21.78996442634858,28.5747518918607
A483,11.60240824365865,60.34669362805535,11.742035409237054,61.04490277023248
A484,8.40303561304515,98.49352133682834,8.689484954632553,99.43833618886237
A485,86.83291365290526,41.43086823523519,87.34414547988696,42.024021756245176
A486,94.69600837381957,96.69043427889265,95.16927784963951,97.00666036800807
A487,13.383777938698413,73.06960874141157,14.184679444180423,73.12651025915558
A488,93.96443891910775,86.91656030272881,94.87628088765153,87.09974524669782
A489,40.844819447941326,52.22918829323729,41.619338092032876,52.36163441718647
A490,68.71488342433992,72.41704257182684,69.37796880087816,72.56323660654851
A491,4.884829229315785,19.883954033926006,5.170865654284442,20.16397082979333
A492,46.91780822919145,71.32537908359046,46.92020529289206,71.97571677133173
A493,96.20832307810774,33.74535127315857,96.97321466569738,33.84582547159998
A494,62.761882744039625,80.62489526769171,63.05369004600907,81.40653302812665
A495,58.47121435581553,40.82827690579077,59.11886961083105,41.55443411547664
A496,11.52385228563154,37.594309547901226,11.960954201070649,38.59392051052165
A497,73.2920064403232,82.01205653803034,74.18234995739026,82.81293253978946
A498,73.02059799274045,6.359233508969078,73.4793491458818,7.000784049480057
A499,24.982873889994135,35.22354231082901,25.224763251755768,35.9516531959371
A500,28.27052949436317,65.73592247531613,29.00850916351373,66.73082775388632
A501,39.16356961291408,70.79491088750706,39.228208159088425,71.11320936608627
A502,23.86114488408767,33.065723890926385,24.113730313569242,33.879736817030306
A503,36.839098435079464,2.669549058173932,37.77627445348354,3.013045612729661
A504,66.27519407572183,91.84257628890995,66.83866791292094,92.3758770817118
A505,10.125339912910517,72.23414073794831,10.35974311573292,72.72547064027411
A506,3.7455159900915502,55.60460397164142,4.089807662189617,56.0446801701988
A507,7.826399512331807,79.52819429075362,8.533931610697564,80.52406787631155
A508,82.0681136580818,85.99403323141519,82.10368544031218,86.76592929924864
A509,12.461714397745803,69.92693308271346,12.686127096002627,70.77311669846326
A510,44.20880312991884,24.326337221497173,44.77196020809282,25.31438424262458
A511,50.95009060626634,64.75903143187122,51.338529464494364,65.74750532460682
A512,6.103164510766778,21.441792125545497,6.857363862146545,21.488421513678094
A513,94.69435580486542,41.20496883019417,94.99445676958571,42.05040211489082
A514,28.062445820151925,41.05176158087984,28.37741202207892,41.57290383267753
A515,76.2635052560626,89.5259474092999,76.49652071108477,89.70182144503111
A516,39.20757477072009,72.06141592011144,39.84593288774057,73.00879266744961
A517,89.32260217886947,8.128086430876477,89.47123234072356,8.51388926333819
A518,12.136267507252802,44.97714396674009,12.270133327590349,45.74217362457611
A519,79.0378985576639,16.24818809998914,79.33340620117164,16.59820672222189
A520,67.97138895242114,78.12302276868033,68.54966339309485,78.3479851321884
A521,92.73946155980374,54.04562541278792,92.93546917731015,54.94278512305635
A522,49.49482738196756,44.97590311147396,49.92120386605133,45.10808776739675
A523,42.109423052111985,96.24188221476082,42.82523985180848,96.36767405697415
A524,28.5917461482324,90.33387083528591,28.8291362243513,91.23991292178574
A525,73.68315571023318,65.48325484639702,74.56823966433511,65.81167246143075
A526,72.51208596529938,74.5652559242564,72.80307031300116,74.65766480969998
A527,0.25766944354555776,36.20995569582918,0.5936152796664304,36.59221146107088
A528,0.991904550087299,49.27314001111888,1.7469264029024272,50.00390899368367
A529,18.994566400625747,62.33571871036696,19.53554303250155,62.62531400135823
A530,94.68210408333742,68.78296708364073,94.73107948281779,69.344725663429
A531,32.19051055578586,60.12370912963043,32.70464804573341,60.67847281735873
A532,64.9852057570971,29.1426014588192,65.24651057155272,30.037320125860024
A533,73.55384145624764,10.37600074537543,74.38363063316486,10.811102800804644
A534,2.255741146015682,94.12280804044698,2.959444433946719,95.03954224887147
A535,14.235575898183868,73.91667459327711,15.179995361507222,73.95394668975281
A536,91.95524274041881,87.30211236296202,92.62577584912486,88.25097634306182
A537,54.484547721360435,12.285511954381986,55.09175310847004,13.008621866057382
A538,55.247983912406504,39.41183080469838,55.96345052245892,40.12568739310729
A539,22.702798042575214,5.708211646976558,23.4232683177841,6.6699351436989645
A540,13.8302294940876,95.87310077784015,13.910486218460704,96.5964362354076
A541,14.877466353971325,50.41444619911247,15.35340063074485,50.60299450214942
A542,63.58995553142651,63.16326990141709,64.5553240473266,64.1273760479946
A543,10.736792757519062,72.01907086350882,11.311715176950125,72.27928419851968
A544,90.19022123165009,42.04114370721788,90.76776166459733,42.60512530519233
A545,99.52066383740411,22.444546570639428,99.64745503482118,22.69594968250297
A546,49.51818134706948,10.386278518796564,50.37039864364169,11.081537039282617
A547,43.888164399854666,88.91679845077199,44.24485521897123,89.62802863265807
A548,1.2790967694712763,74.97358765383058,2.072499703651339,75.57644202552622
A549,66.82487088597178,23.092845767145363,67.77503613051093,23.15140103664227
A550,64.00457850393727,89.56202080523329,64.37819815648604,89.74817696407864
A551,33.36717540576557,18.78533553517568,33.9428521378093,18.832231055014997
A552,46.146066106209794,36.471408650976635,47.091798603388106,36.65819083197616
A553,70.33774038846732,66.48695006457274,70.37701371232082,66.4869859219014
A554,93.65343745191957,28.4791597883745,93.66131854712302,28.54752864708903
A555,3.8533447852402034,18.993499810173308,4.371434422167632,19.335819469860912
A556,83.46777245516736,34.25699783148614,83.72267928394356,34.341263124984344
A557,56.89566598475966,87.92935340499486,57.6900440093651,88.04544079581979
A558,9.487725140631138,83.66157194191621,9.713884467959023,84.08934936178092
A559,14.328320291481633,22.517440124056307,14.677565556063206,22.68519041424586
A560,96.51864304521668,90.2099962158181,97.4768378172535,90.35984790784222
A561,70.11672763381753,53.23858320617003,71.00802449315961,53.436793849513776
A562,46.59811657156813,94.55545267524097,46.823032945463474,95.46446818483385
A563,60.78059913560532,96.78808801497858,61.35974278210534,96.98177990323052
A564,38.5728229437231,99.3673753855876,38.86566526593171,99.72640846481919
A565,54.997971002620424,93.35409008501699,55.35419521568049,94.29115230476421
A566,47.471083483237194,67.16727711283421,48.395661163157435,67.17323701267557
A567,14.765778428466035,94.871394156338,15.76532315770505,95.00532858514798
A568,9.844487254287566,3.36252143649902,10.619991009709805,4.054712735971446
A569,39.752086789127006,40.70037246455337,40.43261054159673,41.62970173539872
A570,7.560031522050062,53.297182656020766,8.334457507132662,53.70351678076506
A571,90.62755367314794,95.7958103213002,91.48037407719453,96.3818581072472
A572,38.04334125599284,4.233901381354073,38.55823144269891,4.578119019728333
A573,80.5727422257317,75.52060414669172,80.90858903023098,76.24895656512436
A574,45.496083028081884,84.81392392010066,45.857857962739,85.69216241981292
A575,94.26655918973316,27.022609985438496,95.16302453693638,27.110563145302628
A576,26.975301651639473,9.858255852419585,27.58252662762225,10.089243691122151
A577,74.72170616549106,49.75212877946545,75.28562051847298,50.63334247195783
A578,59.97036353026342,94.47596577098986,60.794918114092035,95.39701189835428
A579,81.07889295513736,42.18586870818936,81.61591896479264,42.94788884790887
A580,67.29705980436052,55.00037357803496,68.29680530097048,55.23838041620471
A581,98.89998676317079,69.2413260226455,99.86036842021542,69.60751112562194
A582,41.713844955796,65.25833952074849,42.500267551652044,65.9325720677195
A583,8.827989976355585,27.8144369329293,9.051241985252389,28.565964862100405
A584,14.048869028621981,8.01732570588527,14.132170554430955,8.148205187697387
A585,63.85547831141397,47.62091477817279,64.61665200333447,48.57439239447713
A586,49.28789511818259,10.440601185723004,49.905553186629106,10.603800501358457
A587,53.15353754950393,56.9658189298345,53.7447690369659,57.32942753267504
A588,0.1346173325076667,87.1207726658969,0.7706779801649087,87.81986781783985
A589,39.97461711086852,45.52308486697356,40.359181297975255,46.202345229103386
A590,6.787564365300861,67.8270293298933,6.8129246195435105,68.12586738659562
A591,34.289560358430535,42.752251561055694,35.19430672483583,43.11652672886893
A592,74.60499860964822,76.71451278659407,75.21653918018384,76.75970767289205
A593,74.27557041832637,61.55328829637439,74.71197976074133,61.67896823760463
A594,60.47892717926175,39.57571307529593,60.70719641195501,40.0219136995994
A595,59.80148279680446,52.92059639640048,60.770470832997525,53.639393692764024
A596,91.77667814239952,43.016275978204426,91.98818538605376,43.395967850983304
A597,95.0956258823787,17.992724477492683,95.30293199553391,18.53610392290314
A598,87.39941426311078,86.08236053660676,87.6863874753741,87.06578400180823
A599,54.99394272451216,19.720172148056967,55.85871666828891,20.424448320133358
A600,83.26293670983551,94.38524667413922,83.70455781781028,95.03948060855848
A601,0.9039892379878361,29.51043558683193,1.0906585904723882,30.0369178958434
A602,57.449205124548726,0.3459638755844745,57.778834141550696,0.56214847374311
A603,32.338993663362075,2.5429985005936655,32.56471934546148,3.1724009203199524
A604,23.21938843818877,5.491661222827254,23.880512644866737,6.478004611072173
A605,92.41343518067227,28.399618771638615,93.28918118327177,29.180192541323454
A606,6.108262917491487,40.939885477610375,6.557146228317368,41.13404385216623
A607,25.756084079998008,27.61457373713997,26.7312730110525,28.413939050843368
A608,38.40439948560534,6.750826521093021,38.8485666858128,6.955194636536597
A609,75.06857492204983,8.920973052655661,75.97788792410974,9.607469392356323
A610,9.95751921895399,22.38903819403782,10.330598457186394,22.390412281745082
A611,65.0033150960236,10.03797275466154,65.57007383690058,10.61915395047808
A612,14.25286938724061,23.031256699100872,15.04106588266823,23.574607213661043
A613,3.243724097166008,31.2549727787105,3.476069467143876,31.672236596186988
A614,36.884480691487354,97.71426278993933,37.59945592953275,98.5274982626369
A615,38.3314298434608,45.04240279801127,39.18589141340122,45.46551251674243
A616,89.88272388150764,15.586312342495095,90.03599212099749,16.57492411079134
A617,4.612065558552815,37.91751575947504,4.993309063361756,38.38328739273166
A618,94.92406497110582,80.03386935039315,95.14270202372207,80.95768798533095
A619,29.949327198963868,98.94740816165866,30.599285491991036,99.45369930886433
A620,4.348182123348992,11.463829552620261,4.897739983049861,11.724152406315673
A621,50.13265931344572,32.976586246958675,50.28817625791602,33.25240568133721
A622,73.70729361485276,98.60935053000689,73.7587504326265,99.11254261877036
A623,64.22297520479609,88.34530482106813,64.49297008192238,89.14375377459513
A624,4.01263424929778,79.79119127629606,4.04625336373191,79.93438374971512
A625,70.62201597841064,45.001426259301496,71.34172213404408,45.288859849062604
A626,34.6875364264394,74.249831066754,35.589461127045276,74.346886740412
A627,11.14857841393358,39.96993294018536,11.462074382148796,40.27834903592933
A628,87.05178796063778,69.0231905734508,87.45665398357214,69.99745852616529
A629,38.08368259696802,19.586306158430848,39.04814680718834,20.392370672103993
A630,21.323185057374825,63.06070071444572,21.655893712669275,63.55255438264452
A631,58.29402354385277,38.29873368087932,59.26170470848953,38.36940971970764
A632,99.39222382813168,50.73152929505037,99.51568939115563,50.855132711546126
A633,30.622127349026808,48.24064383637485,31.02508165222641,48.3575726021285
A634,10.344959474604783,77.93952727749755,10.880476920793443,78.29051692593482
A635,44.492028154099394,29.663019721540902,45.024821750795816,30.319686044052165
A636,75.69729297127807,49.64069333246833,76.24294101548982,50.45195645241331
A637,18.226238076113418,33.50736655922191,18.9636946909446,33.985513015679764
A638,20.31771005503876,10.55405885349421,21.057483586142435,11.520041958697698
A639,74.85395149231118,42.62595793225844,75.19756432293859,43.47118658288961
A640,19.57488628483332,20.1299169296298,19.8820661709282,20.68486678201405
A641,18.660017640339323,38.513499456910345,19.529948206165514,39.09823985333777
A642,71.06185646242297,79.21118392291424,71.22988859089887,79.7982243481501
A643,26.937486743869297,2.784934847361953,27.621660727759103,3.2180450536066436
A644,24.34745445188973,85.04631899517031,25.071092382430887,85.3159308319116
A645,1.7728734792323038,84.33504440810016,2.6190356781515463,85.10265988640555
A646,35.00778786951932,93.20393084912767,35.11212162232156,93.44062700827531
A647,70.55929626900779,68.97603451628159,70.97688685955052,69.04976626656307
A648,43.510514094754285,88.23805508001293,44.466220649172364,88.72441475212467
A649,2.1163089238934933,5.265445411218784,2.9682906685905652,5.910871756102872
A650,8.172809079547877,83.02202306092097,8.263779785646067,83.26581957710323
A651,79.10113549783509,25.96984324473168,79.3571430441921,26.056087009028783
A652,15.968945751091711,3.846953407633098,16.31733603894241,4.226044469944905
A653,32.874033349883874,78.08392273108961,33.27127180679687,78.56899275533665
A654,41.239608401295875,94.03013166913702,41.50474014441251,94.18257719930988
A655,16.30959980793109,86.93054081289233,17.259011225857478,87.38876251618899
A656,72.38892185778312,21.179523450274964,72.67566682411376,21.799212628553857
A657,11.803043233035993,43.236058568753585,12.544425583116343,43.44852402091938
A658,79.02471242224455,74.80276620636832,79.95390178119841,74.88599998720404
A659,6.142669139135947,19.13855570889914,6.2899170039353445,19.876253248096898
A660,43.98061439048381,69.71473550929105,44.11215241828344,69.91213713496042
A661,92.41786866302424,81.41031980375257,93.27759713709047,81.48412324646226
A662,34.204892938851856,81.3594688720162,34.63736023850905,82.21217912207437
A663,0.5228833388004586,54.629794317323544,1.2605364686169698,54.838805583309956
A664,77.25647172580851,83.17067661993651,77.52598269428981,83.1744250166605
A665,51.124187731744826,70.48865606705746,51.2327797416957,71.33068964471104
A666,5.530409225619063,73.1476422457558,5.846772829808574,73.72062691850587
A667,14.935597580889274,46.17243637256539,15.18624875785209,46.422674112320244
A668,2.367775211624208,86.03337182069146,2.5011579329489546,86.71623196683797
A669,47.96349618770608,92.88780852253745,48.314931916409684,93.3310776436677
A670,78.21877929740305,60.9063913152297,78.95878247949645,61.44733389673663
A671,47.20432093560666,83.43071312725745,47.676878984528486,83.72847828274473
A672,49.337781705650656,2.8864658115847157,50.3020611641964,2.9661661171869103
A673,74.62659877133049,43.45878584244509,75.16922580063067,43.99337439851913
A674,42.383582345811575,49.44140076921253,42.773225831905755,50.1779965401925
A675,3.943010806925247,90.37960914612064,4.058984725272308,91.01066432636722
A676,51.995818920099914,11.07052981655805,52.85701051894315,11.552380819814063
A677,80.85102451792245,32.257151424603435,81.22517794535446,32.84112314677208
A678,18.552908052460705,12.208115344987592,18.890417205114762,12.809714513738696
A679,58.10708617611632,87.37022184610433,58.904225746725665,87.80456293403611
A680,71.75659668082514,69.86381500378273,72.17493306542761,70.19174431063429
A681,27.26011459662197,58.60950982676091,28.101098032774505,59.59680962901827
A682,81.63598222163226,47.31284847122889,82.29032569904771,48.021067607192364
A683,18.158474769266945,24.346744415221377,18.748122143734715,24.61004537787775
A684,13.866596009939,61.72051203576605,14.070005713576366,62.01995658320665
A685,40.15265450936671,46.42108422932508,40.26989177086192,47.0956792522078
A686,66.83657336847645,61.47771592313841,67.36685316979191,61.533861167815964
A687,16.816599663017954,78.58602771309955,17.643103465075374,78.62410711170043
A688,7.015394324960913,46.0079717560313,7.659669364853334,46.529087512425846
A689,72.86794057737606,32.847730325116956,73.82762209106312,33.26900495131671
A690,47.3861999105531,61.00557045619021,48.355364726054,61.14140526419276
A691,10.749444409022406,78.30719271393986,10.893110662024208,78.44795455145542
A692,84.87454721261713,15.14340903877314,85.34325621949341,16.02221565153364
A693,19.56997793363725,50.58545132432463,19.80963473350776,50.806190148592734
A694,78.04009223891009,83.9807838865863,78.31367558412273,84.55438539279932
A695,55.62890037961451,77.2387083303704,55.71967028340205,77.79639922698007
A696,44.90925353996594,12.466025099746153,45.20799990414979,13.224808664485538
A697,12.775298042572048,60.481980277854966,13.51376031712081,60.70007921495308
A698,1.2081763401970957,34.90155295966069,1.3651970129578501,35.81401893873686
A699,53.611270612479466,64.19324863415785,54.20210374712163,64.6670800152796
A700,25.903537779923315,31.360718452786745,26.366337275300516,31.380548767797205
A701,41.9862208178552,68.73384814066148,42.30471707673776,69.68272234849995
A702,19.48074523785657,3.0193565731323746,19.555384264427843,3.3209473738169852
A703,29.959301048360647,31.990682076187127,30.7750884870591,32.8127450616645
A704,74.42439471090556,0.5117965252244079,74.68970128984898,1.2165085839187908
A705,22.08196087083997,80.34206958921459,22.803791524796356,80.4149066346051
A706,86.43381080741925,40.94234534278748,87.37961334680838,41.31720547710181
A707,98.12465951782103,3.003436713848095,99.08833223525676,3.38120333497708
A708,93.81048149431713,33.82723625072576,94.07076421373891,34.756359565265846
A709,95.90477094096481,39.420974952014774,96.87390571032839,39.87083631374259
A710,0.007966599721558422,18.797593964460948,0.8315033152786374,19.45196764157777
A711,14.090663262870423,42.20293818126077,14.625152056887533,43.18672192412999
A712,15.115623828266049,49.2486241526754,15.338673219671541,49.98759790219551
A713,7.72105860069768,11.434703845003508,8.603327115313965,11.59952885080797
A714,56.79132516146177,59.2165088153153,57.78115723248933,60.19286986868828
A715,88.20923813863516,70.79324719740077,88.75529427900233,71.71512318478113
A716,4.537501963549978,16.448032531436063,5.322696831582291,16.800119212281924
A717,37.07964814850396,33.944688247703006,37.426328471831624,34.285667245044074
A718,19.956768007443145,71.45983963999856,20.6060368997811,72.34669131443431
A719,64.94596499585495,62.655447497701,65.56305347736004,62.901070660165395
A720,60.76563855578111,99.13470063168671,60.869149094112544,99.37080978565797
A721,20.609956441148494,59.25129485960276,20.815099002844192,59.30238979953801
A722,26.776414177844583,30.065184278230102,27.672494153127467,30.907462941570135
A723,84.44278479887717,38.26041017421327,85.29006542326532,38.83064112407609
A724,75.40716756253018,51.32499503695281,76.25289605236134,52.22770800923724
A725,86.28546426075141,78.30018979149472,87.1137995318016,78.94375209571277
A726,11.541705420605759,82.89067796165695,12.498921632598991,83.8607337885167
A727,38.71024934994796,49.74502764654182,39.53157260881151,50.36579317669393
A728,48.03494849837154,69.57140919944855,48.367638203478776,70.27421059853063
A729,84.59724966003864,22.98550504643192,84.61427042650658,23.464123966590144
A730,15.2563019427338,73.81712694852276,15.272399770768084,73.86538361174054
A731,28.826398507660457,6.475960254658051,29.47401322302867,6.864284754694275
A732,65.72270555634299,95.29087307581875,66.15831568675766,95.32386512767985
A733,48.64328547135004,61.47852973399346,48.71356865556248,62.4333175084958
A734,87.17917120387601,24.690009605610197,87.52209716587308,25.291734860916
A735,62.31481456806942,28.170868487490985,63.14566376861621,28.931047967710924
A736,42.755988900569264,59.678348938012554,43.22030920422017,60.571649931700016
A737,8.878844622904035,73.28038096339971,9.070692216516761,73.74160722049348
A738,12.00882500416052,50.93491028891554,12.194499920928449,51.352080159863604
A739,12.4203605997453,28.919201809058144,12.881492368973516,29.579989022865096
A740,79.91957344217539,34.828590585049895,80.3579644271054,34.97605684096689
A741,86.1586445705225,25.59638364706605,86.65120042539775,25.846980810568432
A742,33.547760090096375,47.71844933015556,34.15082319333705,47.88896418926439
A743,47.845807549264,29.372962139948573,48.64102889547891,29.728550210126414
A744,75.542044207154,6.164626089889951,76.05712528928085,6.8617599678838
A745,27.878121753538306,40.2283632372237,28.771585481338995,40.73981068719313
A746,79.47764570982783,0.2692011522147435,80.3465600610187,0.6254421181841744
A747,44.893872544543925,17.20367219666133,45.50710332534569,17.53789897315696
A748,79.11291413010494,92.83738751594761,79.5200685427076,93.27166527164295
A749,85.53960323083585,48.72404153605103,86.3074074131714,48.843064683900295
A750,25.67544458866211,20.308129298931163,25.858862952175784,21.240430963490343
A751,57.07122240245802,69.78346151805887,57.9674401439861,70.75850295517667
A752,12.903746186975832,85.66701946131995,13.683715024969484,86.33591316112815
A753,42.895770921796355,23.39013499744732,43.76697603664987,24.24193147585905
A754,74.22215176540685,77.14625979197285,74.28662591177951,77.85527700266286
A755,12.079124306204436,51.296751328806785,12.672817088280201,51.593169662854216
A756,50.91083288350579,71.08008794788212,51.233132590003265,71.78557556846732
A757,70.71645080073583,1.3683741457969865,71.58763719010022,1.5442189298965348
A758,24.597281315665732,3.238140568752556,24.955910556867707,4.142973903879391
A759,72.9202592473871,87.296686251736,73.72752658827399,88.26509172733613
A760,77.18264814948903,18.423300766304116,77.38201351192315,18.933015616387365
A761,97.08407494966859,5.983430728678965,97.33056962801678,6.306294094499214
A762,43.90014014667058,9.599312724909922,44.297001761148906,10.346141142991746
A763,59.35980527712724,13.72463730615447,59.75404301807656,14.497045599688205
A764,7.545870012300251,64.78490715241408,7.748132908912085,65.21641023729195
A765,53.47337727733941,82.49197709259286,53.607027439825664,83.06577804376842
A766,57.090240147998934,94.55174932581433,57.519204331338194,95.18703710366655
A767,65.6827690767535,16.360354782404464,66.4972314285001,17.112681185417046
A768,69.93732683776584,89.24972488294819,70.4418970322533,89.41884946583859
A769,86.67771713632034,39.21144006971656,87.34703289209662,40.202502323823715
A770,33.527992178246215,72.65787709043258,33.82868521874949,73.19571142755315
A771,96.66790090593474,79.70692983809643,96.93234768099202,80.21686084783163
A772,91.42486252841276,57.940035210113905,91.68224965249789,58.50822297475191
A773,90.97176600592147,92.12897190003723,91.10823910540073,92.43592868956819
A774,44.408381996414185,77.75432497654025,44.41361500543848,78.12880184272163
A775,93.69783249972672,50.986171523682835,93.85728476304386,51.172647544096286
A776,51.10105110356084,94.09783264768599,52.022458941600796,94.84418707553691
A777,14.201588423749824,96.58440306214898,14.213466660094841,97.48192118676646
A778,18.932295772417433,15.367655176078848,19.147208479246515,16.230848265126465
A779,17.178633602792214,48.7840455480888,17.36190534683474,49.407701065725746
A780,44.921774184007425,85.27460893466386,45.50827197155147,86.14723574517906
A781,64.17316250620718,35.01847266982966,64.7623233880126,35.58783647060278
A782,41.265290230436676,91.93010626544117,41.96701171927136,92.03338338489125
A783,78.80929137386416,42.97117845426886,79.32308277207206,43.76706063000481
A784,79.5915539024828,29.696760444324497,80.46597852956407,30.201221332425817
A785,24.23174614640375,94.29211395746064,24.28350261912589,95.03622064181873
A786,58.90898283507109,86.84205220759573,59.561448581482786,87.61627966790175
A787,16.2114843668227,3.681027135712271,16.34544051009668,4.0220281035896654
A788,4.637484546814456,14.053531845011241,5.397948638290693,14.519478932187994
A789,0.5352134557668575,98.38370429752285,0.8575309216300172,98.6367891328712
A790,95.42469142401731,3.2864728601500732,95.7110734310017,4.24609758818232
A791,38.74777736596782,68.39543290312267,39.60405294243082,68.95455465910743
A792,77.53159446221595,5.252812219157328,78.15367888100752,5.343451542567702
A793,27.950719357877848,8.776823476843813,28.015052033660744,9.694814687340406
A794,57.11637689352301,6.923308163331865,57.847108585989304,7.431938162542083
A795,61.409802294589454,3.085114715194607,62.12969652962874,3.2392993334173164
A796,72.02994241041361,29.989607349973124,72.95769672125037,30.66462834372008
A797,96.87782868917539,33.96639673585775,97.06694966145648,34.151161758797464
A798,84.76212701049694,25.20901477405774,85.56860484815395,25.387047871564267
A799,31.271232243105327,44.23219066939916,32.020713198686636,44.741962370430066
A800,70.4454967177908,1.6517543342667664,70.81918614802835,1.9965376358400209
A801,38.037406381111786,80.91830984192903,38.24476004391474,81.41714293732106
A802,17.51665274394807,3.5095705836882845,17.611090223659996,4.234904393826355
A803,42.69721304350025,79.37806736641203,43.64401271443743,79.6072436770163
A804,42.67550852575048,84.08717373547479,43.057103788267014,84.25667588983409
A805,82.47642759588977,82.48231891232221,82.77216854399182,82.89473941890772
A806,70.84917390217169,72.11939335276264,71.38310885050123,72.65380190964629
A807,38.82363121593516,74.75424668386714,39.65547196739898,75.08507455048053
A808,73.89444514334713,94.11559043087105,74.31888262696414,94.95990519983522
A809,59.47489170334911,74.5272227789968,59.75554371463392,75.10897548463979
A810,45.801528030790394,8.332831078733454,46.578507593587084,8.917378260927688
A811,35.02807984617432,55.28456996382015,35.219306918227886,55.36723695561348
A812,40.57325887752457,21.28100267562332,40.58926041793831,21.74980219068013
A813,72.9938657693597,22.37689264565027,73.35204220838747,23.143045067561264
A814,56.47993252672529,14.10186379590654,57.43886294247055,14.325324202750714
A815,47.1077071045927,90.78634903132145,47.987019309705836,91.60587742628536
A816,33.87844934010523,9.158355399799131,34.70979137294146,10.062952120876497
A817,13.985545445907437,49.09157478816874,14.135812986421262,49.77796025962633
A818,11.567407330486407,78.34605302436361,12.424646221872617,78.97186710490747
A819,12.702732602001195,71.35867870922038,13.627637334385856,71.69162251674058
A820,75.39082352719063,92.08006744751279,75.67471388985099,92.29202886513146
A821,13.37812847669985,76.13115345029559,13.826569809430081,76.74169567771577
A822,42.20237275135173,60.33408146965682,42.41531252338161,61.129382182386784
A823,57.51949307505189,71.92060452634809,58.47469091696358,72.82084848506612
A824,55.30674608177891,77.80164531720676,56.28963057619265,78.49722481869611
A825,10.336178569149725,64.58898593615234,10.445368829693702,64.88140908011644
A826,67.91975483816036,27.21018287879913,68.47963487501882,27.9978912872346
A827,26.007032695490743,66.58864599217584,26.219235317926394,67.46352315849643
A828,32.7679173044472,93.5995072605582,33.70900040520056,93.69500466145051
A829,69.50573844945903,83.70668989366098,69.52660903235437,84.51790978699017
A830,38.48451459446299,70.86624671912841,38.9336129498732,71.09920038189799
A831,0.27469229042960874,56.66888208121811,0.7493220435491541,56.900500629138776
A832,38.39152097375257,86.30802095764267,39.37753467010886,86.80533356078661
A833,1.059576452672115,69.133640935303,1.551617401196614,69.51510106439034
A834,3.8595177609251023,0.6015417227240706,4.608978070432677,1.3073205590075814
A835,21.960796932088524,14.83036819457614,22.923508599328528,15.4084218605709
A836,43.37058516881784,45.22594143052739,44.18825260830307,45.76340942290162
A837,32.32687286482324,94.82728815585237,33.28980302849016,95.38990022689435
A838,15.734020341245202,27.177529723639875,15.861322259677095,27.482972362897918
A839,35.688903905145885,74.69772812285105,36.52055851662206,75.33208791402552
A840,29.230049468800846,21.191999137757417,29.359131853404904,21.251878752834457
A841,29.17492057734146,47.682515668874984,30.014128844401768,48.334115796210874
A842,55.21867700939413,95.17803902411674,56.05729221814933,95.7822628028728
A843,80.98347676502895,62.56285262313606,81.24744397986841,62.76527837775353
A844,53.16209217199342,4.370119071982928,53.68566358982427,5.221264781987095
A845,51.63903169763915,60.59167530888408,52.63278854100852,60.86781923930349
A846,6.048903279434715,54.310143989040824,6.178708787711015,54.317008535588684
A847,12.150718163209325,25.600212766843534,12.42001127432347,25.854080629836695
A848,14.308075228003101,92.47209811315334,14.34700296124223,92.577919003515
A849,7.399919209882344,25.623589236094215,8.002394935324386,25.66536200194312
A850,65.2866519994697,18.753420524109515,65.74890764375859,19.359419738935557
A851,29.027122652181347,36.42225445040693,29.67597840579329,37.273619579810514
A852,84.53010327511332,69.74195797451485,85.11145880863111,70.22978637290298
A853,25.397118928773466,29.337977729121853,26.067485357246383,29.9023429942131
A854,27.616033988096834,64.27327102771287,27.655490410745777,64.5125061357894
A855,3.766137498302008,64.167560696377,3.9754236341383384,64.45337062859328
A856,67.64386128823851,73.28479859931136,68.08123426280697,74.08700680111674
A857,27.337966854691473,64.285696769818,27.91137862769677,64.28609331497734
A858,26.894512777033405,94.46415495377252,27.26967362381362,95.1781636848505
A859,16.843153601452155,31.775434464240647,16.96286189118235,32.34324477653207
A860,22.229843274333785,45.74396940137617,22.66440274361392,46.22559210809375
A861,82.27931443492902,6.029890742883477,82.40042284816874,6.507388462508908
A862,74.38266882326648,44.083087466526095,74.64071140999944,44.587487654178965
A863,12.971302657137176,73.58019858610238,13.62433667882283,74.38141571443909
A864,62.93850879801687,47.82911686552306,62.97197089208369,48.37440684161274
A865,80.8468938899245,45.59627219597597,80.96107400791237,46.127350185663296
A866,98.90495537036833,85.51229985970146,99.5606245236665,86.50666443023144
A867,39.322335588866785,66.48800450056847,39.832386756313205,66.85333527214512
A868,46.205344434624514,90.10476704179533,46.6432668086583,90.92697333813815
A869,81.77114154103282,69.83937271327002,82.0280017715004,70.22035597105928
A870,9.028196578590492,64.36531893871003,9.222861678645831,64.56287054526061
A871,95.9598374225543,37.63322258003537,96.33762045889974,38.05491658469194
A872,0.5231230140705037,81.89928705940801,1.477915587621642,82.20950868034599
A873,31.453635717579818,54.14709091746678,31.602916867923515,54.58484473355291
A874,98.50056212304669,91.61444317367716,98.82908239762867,91.85363238061952
A875,12.992862565560472,20.345371949548618,13.96538210149162,20.650301649195598
A876,7.864563940216423,8.379239497802706,8.40829978568697,8.681675152389468
A877,1.562840293088807,2.9519466763456466,2.3192614840200014,3.4537468557136615
A878,56.336001757338515,50.99408320225034,56.93337345329214,51.05708795742732
A879,53.08395118774057,37.84366280608024,53.72018779480552,38.029225860206566
A880,51.695913209519375,77.6361964384613,52.51923519927306,78.54428588336502
A881,8.292310187867052,71.96364591334853,9.002307797976526,72.48093511889604
A882,34.116132097663765,84.04907662544694,34.42724115984897,84.93783153492363
A883,17.469674970339515,15.500603878298337,18.198240739631487,15.669166906056496
A884,88.65360798702471,62.60268014170063,89.42542956311682,62.70749249169843
A885,80.56792139679732,41.843487210874734,80.94865079778948,42.32193437050981
A886,35.21931658213897,41.66021019785899,35.31568351610813,42.39504178713444
A887,72.51260388523869,25.44253475846384,72.73419002451182,26.04068214939199
A888,24.669231273295154,27.43178486445405,25.064190945348244,27.79147859404255
A889,5.862927593060613,55.85889373732716,5.887994912255668,56.447550872218656
A890,50.53641422944048,16.92479465030157,50.695440903076864,17.482048937555103
A891,18.30679779697128,38.16041665759897,18.75115698528791,38.6071027695639
A892,4.697872788017706,52.15144413294447,5.122104853103405,52.65752104574686
A893,32.05503259587525,68.15140654521277,32.256548303243534,68.6046364669119
A894,4.931864748492183,47.90513856118844,5.800546026082078,48.17769598957006
A895,28.344828216997527,93.73195014672697,28.563729238637375,94.20684908665203
A896,49.24936344137139,27.965962034289024,49.92275281736976,28.141873429449767
A897,68.43289346890813,42.24076480365906,69.25725952434186,42.95895853201215
A898,87.92493461491705,68.57495474531923,88.08668638814362,69.56693359300895
A899,47.70682227101412,2.4243525107545922,48.51024041615223,2.9371404662706104
A900,91.80827037414534,24.25686257816402,92.55480708331847,24.73092287452111
A901,26.840542376228445,2.8447002995052064,27.304402659116878,3.2894058444870513
A902,80.88871328171139,15.841648388095035,81.7292972346096,16.739698309526712
A903,33.847234598956305,10.461837823918186,34.68512679974178,11.209812008776687
A904,63.79942283076188,0.6001078663853174,64.46718846877322,1.4841364113532487
A905,59.680489935834366,10.321846322634062,59.936479104749125,10.661811717767883
A906,58.721866628940674,78.77892536060791,58.87445999722611,79.06056758525091
A907,51.86430944100231,73.90786836052632,52.48389796143194,74.07463972230424
A908,39.26394769080685,35.48517429343639,39.96557230063234,36.26718143288527
A909,52.55824622533529,32.35514249515412,53.412385687314014,33.06966615150339
A910,90.84285908053465,3.8200976318213113,91.40835969444613,4.346477392797304
A911,71.76746381689425,84.41369624703778,72.51096172449941,85.28591468107469
A912,79.30672723451156,47.98631211047841,79.71572698455118,48.77392940195452
A913,80.40516711909416,41.57880892998195,80.9895642981888,42.5132995358458
A914,96.71392522169185,40.77423123317515,97.29417538227503,40.856649154838344
A915,94.81650486139597,42.38350442588474,94.89295874450922,42.67094194483224
A916,71.23538454915723,84.84119848812716,71.97426666380164,85.57085031590299
A917,40.432960529570586,75.09202792598799,41.09327793849545,75.55693187271834
A918,52.751913960363275,60.255288665907784,53.54994360800423,60.668088936634106
A919,5.282900365766621,16.380625812616017,5.468330417482299,17.204624742335415
A920,75.95538844223394,98.62673553626452,76.38851808403493,99.18619331570258
A921,70.83918674494862,66.46466727215642,70.88439913257481,67.3462398702288
A922,27.75696813704945,12.327193760868655,27.93209347929956,13.066864390927398
A923,93.10991109329987,23.968699925823042,93.54010295878926,24.01559427001102
A924,41.13153295793295,78.33904676825269,41.61180615273727,78.35410815111567
A925,6.117385382867736,63.63274106829985,6.958886355707742,64.25663578558027
A926,58.01606782035006,25.924707091200084,58.84727208186932,26.85312464102313
A927,13.127454217920974,88.56903311019019,13.429377020090813,89.04561904646951
A928,61.92851912246482,20.320223772293108,62.69273864886583,21.220302332150958
A929,35.404652191479656,4.703733799731716,36.060703701956214,5.675759158788325
A930,62.672534143168946,61.71261350251506,63.04570057262171,62.319580656361666
A931,1.964013212224138,83.38099879063992,2.161251037514436,83.85096210040376
A932,24.94705734795827,39.21499826647596,25.14012843167928,39.372395716908954
A933,92.24903868038041,81.49208039089052,93.02688556154878,82.48404522766525
A934,49.50276850028818,64.05425590589059,50.17142226424482,64.84391556652976
A935,86.60204184866379,29.379774084154523,87.47204965263181,29.52578852851474
A936,41.71880563352667,13.003210274209868,42.12723512167304,13.357692616920854
A937,2.6867176959319767,33.48059787565634,3.377868350307822,34.33201310783584
A938,80.3870894691118,67.44116654334375,81.06332217711947,67.8036221077546
A939,33.0334486783566,15.43134147794811,33.33844034281437,15.676505153826428
A940,57.91126554851866,2.672534117861079,58.660923288023994,3.0931333673172503
A941,43.95773586632676,17.121960925784187,44.35176798622591,18.005838879425458
A942,9.010852095917642,41.40882573327139,9.444342191924864,42.08770623516825
A943,73.38017772072348,97.6277083348578,74.23254582203388,98.33802815763018
A944,8.533736354820778,29.313099113624155,9.189726666845392,29.638172130134432
A945,4.088241894943574,93.89221495726487,4.312171269592076,94.78575442864881
A946,96.46435770833669,72.8333756156454,97.37879480152127,72.91253549818637
A947,90.25707146571668,76.58611823082612,90.65296665508671,76.89115614586272
A948,61.680857372651246,69.38333073311854,62.25935564046405,70.08806502692218
A949,72.25934278427104,34.432705148505526,73.11552151947838,34.62814008996328
A950,36.14376529664175,88.2054733899722,36.53798404725524,88.91823411810994
A951,46.16490112722119,50.739463805620396,46.44161745003318,51.300816690498955
A952,76.93897923698951,85.82634710818586,77.00923022443257,86.22615240363737
A953,40.68972377272261,23.25170322697638,41.4948550433693,23.397764140736424
A954,69.03622343106898,28.739593419553458,69.57468634865229,28.744218150491943
A955,76.28583582768206,58.433787113618784,76.88486553617903,59.34892046034029
A956,12.60333892560904,91.54698388005036,13.519800340070677,91.78695168389798
A957,45.54861937460717,71.12526639565199,45.73655324018146,71.46044646205182
A958,43.25033565445307,59.304534767840465,44.20798490425601,60.05018135123621
A959,32.54018653961544,71.51058139368519,33.328383972949965,72.37231221106549
A960,17.06081991279973,43.259432436339544,17.754430767642987,43.91020485600186
A961,46.33661359235145,12.572273790900045,46.88895099840409,12.926266749872726
A962,44.55715641037441,4.413319579114294,45.05927317300019,4.477415367391392
A963,11.473826837891462,87.65662342391444,11.761888730060276,88.28983473174584
A964,27.598506638820893,13.011255446171612,28.50663703804543,13.570116901914272
A965,4.709214169225816,54.81123503567952,4.972547917284448,55.755452531475505
A966,36.00697287686139,12.39985085328897,36.0206448089131,12.943753391961678
A967,57.373981595228145,40.4685989491392,57.392129005456425,41.40886287078411
A968,60.40836107331582,55.35072005039257,61.31681085628462,56.260911652224074
A969,91.18792990806054,14.046790653680006,92.13260041455499,14.55147053867602
A970,85.05110966394017,90.82885157317952,85.47172296237419,91.03473437324907
A971,10.37457220061006,70.4431646837881,11.119732853904939,71.07609301085712
A972,99.03547948662019,87.04987496238962,99.56076075511189,87.74286084044591
A973,56.62494611135678,34.69878768296871,57.61805407738681,34.910746514119225
A974,74.01248656533964,66.95452076309982,74.02153119668648,67.14096863848432
A975,23.021951047222977,80.27801251515443,23.26619453239633,80.56881955840925
A976,29.642661717030222,78.17213612486464,29.952994648332147,78.59695264915047
A977,3.6896579384843036,28.020883199314653,4.65975712302269,28.02259845096905
A978,85.46100394038167,17.231820294033398,85.57033974651806,17.86691542068789
A979,29.32221994615804,87.01752107626235,30.20692957124736,87.26341782809698
A980,14.543875328367085,7.362001508653538,15.116677760692566,7.688161705889945
A981,5.747731070007491,73.18221904201596,6.34356313951663,73.91417896247009
A982,46.3294400998018,93.20445357853434,46.57050446351732,93.50031984527043
A983,45.186516601215764,73.50476820221073,45.699119948447894,74.04367072268931
A984,99.06354392862067,78.06683522106292,99.49387166232613,79.04792698949046
A985,0.1727057341245967,65.22539304576705,0.8754930567108046,66.11235476765441
A986,13.475764374988577,94.47125994211538,13.48383127096548,95.06962273564184
A987,82.24823759400898,39.99004867499174,82.95577938660499,40.16621364222763
A988,32.23629616068209,7.950210707332111,33.05519506485331,8.623793737971303
A989,58.84777593636723,69.05743979008342,59.30009813412626,69.23847485097042
A990,59.17338696861689,60.96384238856294,59.18389182900674,61.866534747897376
A991,66.04896511554006,26.80207375673141,66.83380320863415,27.40236492760821
A992,1.7510684108824122,71.94873117672523,1.9509057731892931,72.38310515496333
A993,3.719490976024152,11.527134692586035,4.091874545562066,12.103432107583913
A994,21.382942576166396,24.902609302640137,22.027712232149163,25.55248184021399
A995,81.09024497075315,71.4163870457711,81.98778016271923,72.20483885009483
A996,54.756965665724124,42.20582511349167,55.75459983205291,43.126895899469126
A997,24.552478691752878,47.4558293545669,24.776064065788795,47.78819923594281
A998,59.15784989986502,79.3856062532988,59.964339763516186,80.11669934487045
A999,73.63866206367177,47.65001016567561,74.03427926805728,47.948333578883805
A1000,45.935012024365506,42.19252668885376,46.70739969390845,42.314956481279445
